id,user_id,book_id,last_page,created_at
1,2305,470,125,2019-07-24 20:05:37.660917
2,2319,45,15,2019-07-24 20:05:37.707183
3,2321,374,152,2019-07-24 20:05:37.711627
4,2323,227,71,2019-07-24 20:05:37.715141
5,2349,582,167,2019-07-24 20:05:37.718566
6,2351,730,87,2019-07-24 20:05:37.721753
7,2358,518,409,2019-07-24 20:05:37.724698
8,2359,237,311,2019-07-24 20:05:37.727603
9,2372,607,86,2019-07-24 20:05:37.730447
10,2386,196,67,2019-07-24 20:05:37.733291
11,2393,58,402,2019-07-24 20:05:37.736533
12,2403,213,552,2019-07-24 20:05:37.752246
13,2408,559,208,2019-07-24 20:05:37.755442
14,2413,585,5,2019-07-24 20:05:37.759214
15,2420,530,42,2019-07-24 20:05:37.763881
16,2422,580,139,2019-07-24 20:05:37.767503
17,2443,584,259,2019-07-24 20:05:37.770601
18,2448,398,110,2019-07-24 20:05:37.773552
19,2452,543,148,2019-07-24 20:05:37.777071
20,2463,291,546,2019-07-24 20:05:37.780092
21,2465,576,100,2019-07-24 20:05:37.783067
22,2469,233,316,2019-07-24 20:05:37.785832
23,2479,177,199,2019-07-24 20:05:37.788752
24,2482,732,340,2019-07-24 20:05:37.791576
25,2489,149,125,2019-07-24 20:05:37.795771
26,2513,613,157,2019-07-24 20:05:37.800304
27,2517,4,76,2019-07-24 20:05:37.806292
28,2550,528,130,2019-07-24 20:05:37.812376
29,2566,427,324,2019-07-24 20:05:37.817313
30,2579,438,13,2019-07-24 20:05:37.823566
31,2603,640,221,2019-07-24 20:05:37.828036
32,2627,57,365,2019-07-24 20:05:37.833547
33,2632,258,285,2019-07-24 20:05:37.837874
34,2637,164,262,2019-07-24 20:05:37.845321
35,2659,40,100,2019-07-24 20:05:37.850511
36,2663,563,232,2019-07-24 20:05:37.857384
37,2665,48,136,2019-07-24 20:05:37.862591
38,2673,109,366,2019-07-24 20:05:37.86629
39,2680,691,430,2019-07-24 20:05:37.87088
40,2690,536,302,2019-07-24 20:05:37.879449
41,2698,72,318,2019-07-24 20:05:37.882308
42,2728,128,115,2019-07-24 20:05:37.885004
43,2733,557,396,2019-07-24 20:05:37.888152
44,2742,513,219,2019-07-24 20:05:37.891191
45,2752,409,353,2019-07-24 20:05:37.894125
46,2755,32,270,2019-07-24 20:05:37.897219
47,2767,213,285,2019-07-24 20:05:37.900148
48,2776,47,386,2019-07-24 20:05:37.902997
49,2783,678,298,2019-07-24 20:05:37.906348
50,2785,411,240,2019-07-24 20:05:37.909809
51,2787,243,128,2019-07-24 20:05:37.912595
52,2792,668,320,2019-07-24 20:05:37.915443
53,2808,210,63,2019-07-24 20:05:37.918471
54,2822,165,234,2019-07-24 20:05:37.921521
55,2831,592,65,2019-07-24 20:05:37.924406
56,2837,82,228,2019-07-24 20:05:37.927087
57,2858,367,194,2019-07-24 20:05:37.929807
58,2867,161,178,2019-07-24 20:05:37.932641
59,2884,86,158,2019-07-24 20:05:37.935302
60,2886,115,87,2019-07-24 20:05:37.938047
61,2895,425,175,2019-07-24 20:05:37.940709
62,2922,574,369,2019-07-24 20:05:37.943965
63,2948,733,382,2019-07-24 20:05:37.946851
64,2952,435,44,2019-07-24 20:05:37.949633
65,2955,623,213,2019-07-24 20:05:37.952433
66,2958,259,73,2019-07-24 20:05:37.955248
67,2970,143,73,2019-07-24 20:05:37.958647
68,2976,41,51,2019-07-24 20:05:37.961706
69,2993,193,200,2019-07-24 20:05:37.964774
70,2996,619,282,2019-07-24 20:05:37.968049
71,3037,195,499,2019-07-24 20:05:37.971003
72,3042,132,198,2019-07-24 20:05:37.973798
73,3047,496,118,2019-07-24 20:05:37.977386
74,3053,560,269,2019-07-24 20:05:37.980269
75,3055,681,169,2019-07-24 20:05:37.983236
76,3118,530,123,2019-07-24 20:05:37.986267
77,3124,442,397,2019-07-24 20:05:37.992209
78,3135,154,48,2019-07-24 20:05:37.996989
79,3160,708,27,2019-07-24 20:05:38.000297
80,3161,411,85,2019-07-24 20:05:38.003373
81,3166,699,114,2019-07-24 20:05:38.006361
82,3173,276,295,2019-07-24 20:05:38.00975
83,3186,653,336,2019-07-24 20:05:38.012982
84,3193,448,59,2019-07-24 20:05:38.01604
85,3196,358,179,2019-07-24 20:05:38.019373
86,3214,375,178,2019-07-24 20:05:38.0226
87,3234,659,129,2019-07-24 20:05:38.026339
88,3238,395,507,2019-07-24 20:05:38.029737
89,3263,515,90,2019-07-24 20:05:38.033071
90,3273,374,11,2019-07-24 20:05:38.036958
91,3275,148,370,2019-07-24 20:05:38.040992
92,3317,118,518,2019-07-24 20:05:38.044608
93,3318,422,211,2019-07-24 20:05:38.047674
94,3326,721,100,2019-07-24 20:05:38.050645
95,3347,574,231,2019-07-24 20:05:38.053429
96,3359,574,272,2019-07-24 20:05:38.056533
97,3380,321,54,2019-07-24 20:05:38.060814
98,3382,641,271,2019-07-24 20:05:38.066518
99,3383,666,34,2019-07-24 20:05:38.07001
100,3386,674,37,2019-07-24 20:05:38.072998
101,3388,254,193,2019-07-24 20:05:38.076427
102,3391,266,34,2019-07-24 20:05:38.079529
103,2454,288,23,2018-01-03 06:22:57
104,2454,27,6,2018-01-02 15:27:19
105,2459,457,484,2018-01-07 09:27:42
106,2614,473,537,2018-01-07 21:52:06
107,2679,624,520,2018-01-05 04:27:57
108,2679,414,134,2018-01-02 06:59:36
109,2359,264,360,2018-01-01 17:48:38
110,2377,217,334,2018-01-03 20:36:27
111,2377,89,24,2018-01-06 22:02:53
112,2952,49,18,2018-01-04 07:44:43
113,2952,216,255,2018-01-02 13:17:22
114,2995,740,206,2018-01-06 15:12:48
115,2995,164,227,2018-01-02 15:51:05
116,3368,75,397,2018-01-05 05:09:51
117,3368,81,330,2018-01-04 23:18:48
118,3368,147,163,2018-01-01 08:07:03
133,6986,104,233,2018-03-15 03:36:42
135,5987,420,264,2018-02-03 01:29:34
136,7248,86,208,2018-03-14 12:37:54
143,7243,434,295,2018-03-14 05:52:20
144,6353,489,5,2018-02-22 01:44:03
157,6967,414,18,2018-03-13 08:10:17
158,7162,579,65,2018-03-09 00:35:52
161,6893,605,430,2018-03-11 09:34:52
163,6832,27,13,2018-03-08 17:57:36
166,6959,423,188,2018-03-14 05:15:07
168,6867,103,304,2018-03-14 16:04:09
173,6743,572,13,2018-03-09 21:24:44
176,6450,479,22,2018-02-08 18:38:44
178,6783,114,32,2018-03-13 22:00:53
185,6478,95,69,2018-02-16 13:14:37
187,6736,473,182,2018-03-10 07:40:42
190,5963,259,55,2018-02-27 02:07:21
192,6899,697,280,2018-03-09 06:58:43
199,7001,111,93,2018-03-15 19:03:22
201,5893,506,22,2018-02-08 10:28:23
203,5949,71,57,2018-02-25 17:41:37
205,7144,460,423,2018-03-11 14:06:52
210,7190,332,239,2018-03-14 19:16:31
220,7132,81,148,2018-03-11 00:51:00
224,6969,192,92,2018-03-08 06:27:39
227,6694,629,91,2018-03-08 06:32:30
234,6345,419,49,2018-02-23 02:09:56
236,6592,511,73,2018-03-10 10:57:40
237,6879,372,385,2018-03-12 11:21:27
248,6168,702,210,2018-02-01 03:37:11
250,6915,563,287,2018-03-08 22:55:59
251,6126,469,165,2018-02-12 10:09:38
255,6291,569,456,2018-02-24 10:17:16
256,6775,620,240,2018-03-08 17:17:48
260,7043,617,49,2018-03-10 14:47:01
269,7136,394,49,2018-03-12 13:49:22
270,6377,676,114,2018-02-20 04:58:18
273,6151,228,160,2018-02-01 14:40:06
275,6996,69,62,2018-03-09 03:28:06
279,6474,510,170,2018-02-14 02:36:20
280,6613,36,303,2018-03-11 17:44:45
288,6805,388,163,2018-03-11 10:43:51
301,6718,225,209,2018-03-09 06:28:57
302,6295,264,510,2018-02-13 10:37:12
303,6697,25,270,2018-03-15 20:17:10
310,6965,654,121,2018-03-12 23:26:47
312,6906,464,128,2018-03-07 23:47:22
313,6774,64,53,2018-03-09 11:37:50
321,6170,169,295,2018-02-24 13:59:18
326,6440,457,546,2018-02-05 16:30:44
328,6534,246,16,2018-03-13 05:30:13
331,6001,404,10,2018-02-22 11:49:50
336,5964,402,10,2018-02-09 07:35:44
341,6704,495,137,2018-03-13 06:15:59
343,7185,123,79,2018-03-15 21:33:44
346,7015,320,109,2018-03-09 12:58:43
354,6409,498,31,2018-02-23 15:54:55
356,7000,60,50,2018-03-09 02:14:53
359,7181,166,221,2018-03-11 10:29:59
362,6868,9,130,2018-03-09 18:28:50
366,6159,536,198,2018-02-11 18:35:27
367,6013,428,9,2018-02-05 12:22:57
374,6947,682,49,2018-03-08 15:39:05
375,7120,312,42,2018-03-12 03:15:14
379,6784,224,74,2018-03-09 20:10:55
381,5889,406,273,2018-02-20 19:04:02
384,6781,21,207,2018-03-10 03:01:41
385,6827,388,307,2018-03-11 06:12:17
386,6848,569,372,2018-03-11 13:47:37
393,7164,561,349,2018-03-09 09:07:18
394,6543,51,248,2018-03-14 14:50:14
395,7057,382,70,2018-03-09 14:19:14
397,6195,590,376,2018-02-25 15:08:31
400,6021,646,134,2018-02-10 02:08:21
402,7223,693,11,2018-03-15 13:38:14
404,6343,673,273,2018-02-21 11:01:46
405,6157,263,76,2018-02-07 13:16:55
410,7008,254,152,2018-03-14 23:21:55
414,6644,485,156,2018-03-09 10:43:18
416,6428,488,170,2018-02-12 20:10:31
417,6509,405,472,2018-02-10 09:18:49
418,6616,181,21,2018-03-14 10:28:56
420,6268,143,54,2018-02-05 21:14:58
423,7073,153,63,2018-03-13 05:23:31
427,6140,458,25,2018-02-12 16:03:18
428,6541,361,377,2018-03-15 00:14:56
437,7082,544,128,2018-03-11 16:21:53
438,7186,151,83,2018-03-11 17:36:45
439,6152,23,3,2018-02-14 08:26:35
449,6625,250,301,2018-03-13 17:12:18
451,6683,443,170,2018-03-15 16:35:55
455,6413,606,230,2018-02-19 15:03:05
456,6339,290,109,2018-02-18 02:04:30
468,6167,355,89,2018-02-18 09:30:46
470,6757,289,60,2018-03-14 04:19:40
475,6766,200,348,2018-03-15 21:58:50
476,6679,319,26,2018-03-12 21:14:10
479,6356,431,303,2018-02-07 21:07:52
480,6939,671,150,2018-03-12 21:13:33
483,7081,659,392,2018-03-10 13:06:07
484,7157,506,161,2018-03-14 14:34:31
485,6744,31,268,2018-03-13 07:07:51
492,6788,42,168,2018-03-15 10:08:52
494,6261,592,216,2018-02-01 19:42:11
495,7121,568,495,2018-03-10 00:15:03
496,6687,723,430,2018-03-10 19:47:53
501,6447,521,18,2018-02-16 03:50:34
504,6767,239,76,2018-03-14 08:11:09
505,6882,104,37,2018-03-08 12:26:11
510,6583,159,287,2018-03-15 13:08:46
511,6266,630,180,2018-02-08 04:56:20
517,7268,529,163,2018-03-15 15:29:39
520,6499,75,63,2018-02-27 07:50:05
525,6594,473,509,2018-03-15 17:40:21
531,7251,625,199,2018-03-15 05:19:28
532,7050,553,142,2018-03-15 04:06:54
533,6677,333,445,2018-03-11 11:17:10
537,6035,646,12,2018-02-25 21:18:49
539,6826,247,328,2018-03-12 19:16:56
540,5906,4,76,2018-02-06 12:59:40
544,7200,299,210,2018-03-09 17:48:47
545,7172,67,38,2018-03-09 07:16:41
546,7099,111,107,2018-03-12 20:21:08
549,7083,200,396,2018-03-14 18:40:13
551,6828,190,274,2018-03-15 10:37:52
553,5946,504,360,2018-02-15 02:35:04
555,6863,379,100,2018-03-12 16:21:22
561,6375,700,138,2018-02-12 03:30:51
567,6611,366,377,2018-03-14 01:49:58
568,6270,208,98,2018-02-13 01:47:22
571,6971,259,193,2018-03-13 13:24:15
576,7119,648,63,2018-03-09 21:04:30
577,6871,481,153,2018-03-15 19:07:54
583,7143,692,83,2018-03-08 20:21:28
591,7154,8,167,2018-03-12 16:24:06
593,5943,463,20,2018-02-03 11:40:35
601,6437,467,201,2018-02-09 05:19:38
603,7199,648,288,2018-03-09 22:22:06
606,6111,360,371,2018-02-16 03:16:26
607,7221,474,50,2018-03-09 11:11:41
609,6342,152,120,2018-02-04 05:33:07
613,6515,558,25,2018-02-12 18:20:22
619,6305,294,207,2018-02-01 12:26:53
635,6090,735,163,2018-02-08 22:32:03
636,6052,486,66,2018-02-03 21:07:24
639,5997,364,291,2018-02-04 09:15:22
641,6460,485,177,2018-02-14 21:05:56
643,6217,30,72,2018-02-26 03:35:07
644,6779,631,136,2018-03-08 02:14:47
645,6298,125,32,2018-02-12 01:38:12
647,6849,370,29,2018-03-12 12:02:44
649,7241,303,183,2018-03-12 08:14:50
655,7093,423,88,2018-03-09 14:22:40
658,6328,488,124,2018-02-04 19:26:57
659,5944,733,137,2018-02-04 00:43:50
660,6418,577,14,2018-02-26 02:45:32
662,6820,85,309,2018-03-09 16:41:44
664,6221,375,168,2018-02-10 08:57:53
671,6533,240,226,2018-03-09 16:13:23
672,6255,573,340,2018-02-22 11:41:26
677,7230,58,111,2018-03-09 16:34:44
680,6349,505,60,2018-02-27 11:17:29
683,6196,241,50,2018-02-21 01:10:38
686,6626,643,191,2018-03-15 10:35:42
687,6904,135,204,2018-03-13 04:09:33
688,6502,236,221,2018-02-04 13:31:20
689,6313,638,71,2018-02-13 01:14:06
690,7016,242,90,2018-03-13 23:12:44
694,6964,183,286,2018-03-14 13:21:18
698,7148,584,81,2018-03-09 19:57:15
704,5939,48,367,2018-02-25 16:28:49
706,6380,27,260,2018-02-13 09:15:20
708,6104,140,512,2018-02-19 10:53:11
709,6186,734,126,2018-02-09 01:44:02
710,6643,445,434,2018-03-08 01:55:44
714,6734,153,183,2018-03-08 03:52:17
719,6901,71,392,2018-03-14 09:26:25
720,5995,380,311,2018-02-06 04:36:00
722,6285,53,293,2018-02-03 09:08:59
723,6504,458,191,2018-02-02 19:46:08
733,6027,354,101,2018-02-08 15:42:26
736,6465,704,273,2018-02-23 18:12:31
738,6922,702,177,2018-03-09 08:31:51
743,6371,535,122,2018-02-13 06:15:32
744,6251,312,66,2018-02-15 22:28:36
751,5992,103,303,2018-02-17 14:04:53
755,6869,97,277,2018-03-14 01:15:52
757,7065,453,383,2018-03-15 08:00:03
765,6015,241,73,2018-02-13 04:12:55
770,6769,37,36,2018-03-14 03:40:59
774,6432,637,163,2018-02-05 07:48:08
775,6022,690,67,2018-02-16 00:11:47
776,5932,129,269,2018-02-04 23:23:06
777,6968,720,164,2018-03-15 18:11:53
784,6955,623,241,2018-03-12 17:53:47
785,6633,145,16,2018-03-11 08:41:10
792,6556,724,131,2018-03-12 13:07:29
800,5925,652,449,2018-02-05 16:21:15
806,6125,669,113,2018-02-03 04:12:10
808,6448,653,313,2018-02-09 04:41:00
810,5885,15,53,2018-02-28 15:03:16
813,6821,306,106,2018-03-12 18:36:30
815,5897,240,38,2018-02-01 16:52:55
820,6537,32,322,2018-03-08 18:49:07
821,6337,423,52,2018-02-19 09:48:29
825,6818,562,49,2018-03-10 12:59:42
826,6758,98,272,2018-03-14 18:46:18
836,5910,132,143,2018-02-03 10:41:52
839,6574,671,344,2018-03-09 16:56:27
841,7030,66,220,2018-03-14 07:55:42
842,6219,77,52,2018-02-26 11:51:00
846,6272,87,94,2018-02-21 12:23:13
847,6019,507,125,2018-02-16 15:49:39
849,6998,587,377,2018-03-14 10:36:32
860,6855,77,154,2018-03-11 07:24:53
863,6745,628,142,2018-03-10 20:26:39
865,6007,467,159,2018-02-08 13:32:02
867,7040,55,211,2018-03-11 10:32:44
868,6273,453,72,2018-02-23 16:24:15
872,6567,294,195,2018-03-12 16:39:32
890,6283,535,128,2018-02-07 23:16:16
894,5918,9,137,2018-02-21 11:04:31
895,5930,137,80,2018-02-05 05:21:12
897,6176,97,73,2018-02-18 22:06:01
898,6523,580,196,2018-02-07 15:42:11
902,5951,280,78,2018-02-04 13:28:57
904,7097,593,69,2018-03-11 04:45:17
909,6729,612,576,2018-03-10 06:49:11
915,7146,269,355,2018-03-08 17:30:21
919,5940,500,112,2018-02-22 19:07:03
923,6163,671,109,2018-02-01 19:01:34
924,6169,522,57,2018-02-11 14:45:39
928,5905,282,419,2018-02-09 07:00:45
929,6911,471,98,2018-03-14 11:56:41
930,7110,202,217,2018-03-09 20:25:21
932,7150,449,37,2018-03-11 21:43:35
936,5929,602,158,2018-02-20 16:16:29
944,6395,196,152,2018-02-27 07:52:32
950,6861,149,68,2018-03-11 18:02:54
952,6303,653,200,2018-02-23 23:00:47
957,5927,193,282,2018-02-05 16:37:37
965,6614,232,177,2018-03-15 17:33:04
973,6660,520,285,2018-03-12 07:12:58
974,6991,740,240,2018-03-14 06:41:27
976,6524,557,210,2018-02-20 07:48:18
977,6544,547,170,2018-03-14 17:07:48
979,6698,471,30,2018-03-10 12:04:13
983,7245,167,247,2018-03-14 12:40:36
984,6937,434,307,2018-03-10 17:58:28
985,6811,465,195,2018-03-11 06:37:56
986,5914,396,385,2018-02-08 23:09:48
990,7187,501,199,2018-03-13 09:55:08
991,6407,296,109,2018-02-18 20:26:29
992,6466,424,99,2018-02-11 11:01:52
995,6649,522,208,2018-03-08 02:42:29
999,6569,61,366,2018-03-10 00:09:10
1003,6930,561,331,2018-03-12 19:44:34
1005,6294,344,78,2018-02-25 04:39:55
1006,7072,206,282,2018-03-14 19:17:42
1013,6520,139,213,2018-02-13 15:44:16
1016,5973,215,507,2018-02-06 03:29:41
1020,6835,604,306,2018-03-11 13:17:04
1026,6016,500,13,2018-02-05 18:03:41
1028,7106,269,315,2018-03-15 01:54:41
1029,6664,709,152,2018-03-13 16:09:04
1030,6542,315,64,2018-03-15 09:14:29
1035,6118,148,17,2018-02-05 01:05:41
1039,7035,88,159,2018-03-09 16:36:36
1041,6175,178,301,2018-02-01 02:22:56
1045,5989,403,74,2018-02-23 15:07:50
1047,6674,24,146,2018-03-13 06:08:48
1048,6753,696,186,2018-03-15 13:22:03
1051,6325,67,126,2018-02-03 07:07:11
1056,6381,182,12,2018-02-19 08:12:50
1057,7167,201,143,2018-03-12 09:31:55
1060,6008,704,98,2018-02-15 11:48:21
1061,5984,291,299,2018-02-01 10:46:45
1063,6800,144,379,2018-03-12 00:40:43
1067,6319,523,172,2018-02-23 05:02:47
1075,6801,457,56,2018-03-14 19:20:16
1079,7197,733,213,2018-03-07 23:36:59
1081,6680,356,519,2018-03-12 06:37:55
1087,7079,627,403,2018-03-14 13:02:13
1088,6070,513,17,2018-02-23 07:19:40
1091,6851,269,145,2018-03-15 02:39:47
1092,7041,161,33,2018-03-13 17:50:20
1097,6389,116,228,2018-02-24 20:57:16
1100,6172,617,9,2018-02-21 00:51:40
1108,7179,686,330,2018-03-13 15:20:47
1115,6806,168,79,2018-03-14 20:47:56
1120,6945,637,371,2018-03-10 14:58:41
1124,6028,170,401,2018-02-24 20:26:29
1126,6386,164,483,2018-02-01 13:16:30
1129,6014,533,233,2018-02-01 21:46:42
1130,5999,497,105,2018-02-13 10:47:02
1132,6411,178,119,2018-02-20 20:20:57
1135,5915,466,280,2018-02-12 03:25:38
1136,6114,382,128,2018-02-11 23:09:27
1167,6941,524,67,2018-03-15 14:53:12
1174,6208,277,150,2018-02-12 07:41:35
1177,6392,347,175,2018-02-20 22:09:44
1180,6396,476,78,2018-02-07 21:11:17
1182,6889,306,57,2018-03-14 12:43:56
1185,7111,677,25,2018-03-14 15:32:39
1189,6527,304,218,2018-02-25 16:12:24
1192,7137,408,503,2018-03-10 13:50:49
119,6431,698,0,2018-02-20 00:27:45
120,6986,298,0,2018-03-15 03:36:52
121,6431,10,0,2018-02-20 00:27:48
122,7248,394,0,2018-03-14 12:37:42
123,6011,346,0,2018-02-05 00:42:53
124,6663,532,0,2018-03-15 12:18:14
125,6894,9,0,2018-03-15 15:56:48
126,7261,166,0,2018-03-13 09:57:13
127,7243,258,0,2018-03-14 05:52:44
128,6353,411,0,2018-02-22 01:43:41
129,6003,654,0,2018-02-18 10:56:34
130,6341,372,0,2018-02-05 12:38:29
131,6944,429,0,2018-03-11 00:40:59
132,6097,650,0,2018-02-07 17:53:24
134,6431,541,0,2018-02-20 00:28:00
137,6780,439,0,2018-03-14 15:07:43
138,6011,374,0,2018-02-05 00:43:01
139,6663,443,0,2018-03-15 12:18:27
140,6894,435,0,2018-03-15 15:56:49
141,5916,112,0,2018-02-01 07:28:38
142,7261,32,0,2018-03-13 09:57:19
145,6003,438,0,2018-02-18 10:57:15
146,6341,582,0,2018-02-05 12:39:10
147,6435,91,0,2018-02-23 02:45:16
148,6331,430,0,2018-02-11 05:20:49
149,6097,604,0,2018-02-07 17:53:40
150,6696,189,0,2018-03-08 15:11:44
151,7049,616,0,2018-03-14 12:10:27
152,6351,665,0,2018-02-15 05:46:54
153,6307,366,0,2018-02-26 09:45:25
154,6042,396,0,2018-02-04 13:12:01
155,7253,396,0,2018-03-12 01:51:01
156,6617,241,0,2018-03-09 00:41:59
159,6864,688,0,2018-03-14 22:11:53
160,6314,441,0,2018-02-27 10:41:12
162,6187,469,0,2018-02-16 04:27:48
164,6030,568,0,2018-02-03 07:02:20
165,6132,686,0,2018-02-13 04:37:25
167,6637,71,0,2018-03-09 15:45:45
169,6513,607,0,2018-02-01 19:30:11
170,6647,222,0,2018-03-11 10:43:48
171,7056,373,0,2018-03-11 22:12:26
172,6029,714,0,2018-02-13 23:24:11
174,6156,17,0,2018-02-28 05:12:26
175,6362,710,0,2018-02-15 08:59:02
177,6051,361,0,2018-02-17 18:55:01
179,6912,416,0,2018-03-15 09:26:14
180,5948,258,0,2018-02-06 17:51:50
181,5886,651,0,2018-02-25 23:20:02
182,6791,322,0,2018-03-10 15:44:31
183,5990,443,0,2018-02-27 22:37:51
184,6622,309,0,2018-03-09 18:34:17
186,5957,473,0,2018-02-26 20:21:52
188,6212,614,0,2018-02-24 17:51:11
189,6885,50,0,2018-03-13 11:00:09
191,7004,139,0,2018-03-12 11:24:19
193,6793,349,0,2018-03-08 08:35:33
194,6702,738,0,2018-03-09 08:46:27
195,6553,109,0,2018-03-08 15:50:21
196,6877,532,0,2018-03-11 10:19:50
197,6457,402,0,2018-02-22 19:41:21
198,6512,615,0,2018-02-09 09:51:12
200,6162,440,0,2018-02-13 10:08:40
202,6874,644,0,2018-03-10 06:22:02
204,6856,496,0,2018-03-08 13:05:41
206,6923,562,0,2018-03-13 21:52:41
207,5935,595,0,2018-02-09 05:55:08
208,6870,656,0,2018-03-08 05:35:45
209,6950,634,0,2018-03-14 07:16:08
211,7151,690,0,2018-03-15 22:04:45
212,5887,81,0,2018-02-21 03:46:25
213,6958,286,0,2018-03-14 13:42:47
214,6103,3,0,2018-02-04 05:07:04
215,6620,532,0,2018-03-08 10:17:26
216,6895,694,0,2018-03-08 22:31:18
217,6976,7,0,2018-03-12 08:36:27
218,6902,573,0,2018-03-10 16:20:21
219,7053,329,0,2018-03-14 01:25:29
221,6180,145,0,2018-02-22 05:05:01
222,7012,55,0,2018-03-14 07:50:06
223,6771,329,0,2018-03-09 12:31:00
225,6715,148,0,2018-03-11 15:21:04
226,6218,298,0,2018-02-11 11:14:00
228,5955,704,0,2018-02-21 01:12:24
229,6596,236,0,2018-03-10 11:15:29
230,5952,395,0,2018-02-22 22:59:00
231,7196,5,0,2018-03-12 13:30:29
232,6896,489,0,2018-03-11 10:36:00
233,6076,125,0,2018-02-23 08:20:53
235,6609,95,0,2018-03-08 05:41:48
238,5892,426,0,2018-02-03 16:05:16
239,6164,574,0,2018-02-20 13:22:28
240,6359,541,0,2018-02-03 11:39:03
241,5896,171,0,2018-02-15 01:55:40
242,6815,297,0,2018-03-15 03:09:25
243,6253,499,0,2018-02-20 10:21:14
244,6324,414,0,2018-02-01 08:16:50
245,6695,355,0,2018-03-11 15:45:54
246,7087,625,0,2018-03-09 23:59:21
247,6933,370,0,2018-03-09 13:01:08
249,6354,338,0,2018-02-14 00:00:35
252,6318,72,0,2018-02-24 17:09:07
253,6348,161,0,2018-02-20 23:01:11
254,7242,273,0,2018-03-14 13:52:38
257,6235,566,0,2018-02-13 00:15:29
258,6778,643,0,2018-03-09 03:13:07
259,7032,134,0,2018-03-11 05:43:45
261,7227,32,0,2018-03-12 10:04:55
262,6530,613,0,2018-03-15 14:26:59
263,7100,271,0,2018-03-13 00:15:08
264,7189,650,0,2018-03-11 09:30:29
265,6988,360,0,2018-03-10 04:39:05
266,6956,123,0,2018-03-14 20:17:26
267,7108,614,0,2018-03-13 16:22:16
268,6329,549,0,2018-02-08 14:55:11
271,7266,333,0,2018-03-08 06:50:17
272,5907,351,0,2018-02-07 03:34:25
274,7080,584,0,2018-03-09 05:47:35
276,7203,704,0,2018-03-12 07:00:31
277,6961,618,0,2018-03-10 15:56:39
278,6648,643,0,2018-03-10 03:34:15
281,7107,160,0,2018-03-13 12:30:53
282,6182,13,0,2018-02-15 22:49:52
283,6858,407,0,2018-03-10 01:58:03
284,6197,239,0,2018-02-06 01:57:36
285,7116,180,0,2018-03-10 17:25:02
286,7020,198,0,2018-03-13 07:37:02
287,6120,372,0,2018-02-19 19:15:46
289,6068,91,0,2018-02-17 14:38:09
290,6940,148,0,2018-03-11 12:26:43
291,6816,32,0,2018-03-15 13:35:25
292,6565,567,0,2018-03-15 13:34:32
293,7084,52,0,2018-03-09 05:04:35
294,6095,663,0,2018-02-10 11:34:25
295,5911,706,0,2018-02-25 01:30:02
296,7255,172,0,2018-03-10 01:08:52
297,7211,392,0,2018-03-09 14:05:08
298,6763,112,0,2018-03-11 16:11:14
299,6735,596,0,2018-03-08 04:12:28
300,6177,700,0,2018-02-25 17:30:51
304,6722,582,0,2018-03-13 01:19:59
305,6378,514,0,2018-02-18 16:31:33
306,7149,660,0,2018-03-10 10:18:46
307,6759,362,0,2018-03-09 07:17:06
308,6803,89,0,2018-03-14 09:37:13
309,6928,2,0,2018-03-14 03:16:57
311,6153,78,0,2018-02-15 22:01:31
314,6772,166,0,2018-03-09 02:58:58
315,6005,305,0,2018-02-08 01:39:38
316,6748,272,0,2018-03-13 09:17:38
317,7168,74,0,2018-03-11 09:42:13
318,7176,36,0,2018-03-13 11:47:58
319,6604,54,0,2018-03-12 16:41:00
320,6000,198,0,2018-02-23 09:28:20
322,6703,344,0,2018-03-08 04:50:57
323,5972,397,0,2018-02-27 15:14:24
324,6866,586,0,2018-03-15 16:27:16
325,6989,686,0,2018-03-12 14:59:55
327,6461,674,0,2018-02-26 06:51:55
329,6420,360,0,2018-02-08 14:00:45
330,6091,265,0,2018-02-15 14:45:08
332,7086,628,0,2018-03-14 06:10:18
333,6929,496,0,2018-03-08 23:10:16
334,7010,625,0,2018-03-14 23:32:46
335,6451,344,0,2018-02-02 13:09:41
337,6685,623,0,2018-03-11 08:56:34
338,7102,413,0,2018-03-13 04:32:31
339,6154,723,0,2018-02-10 05:04:04
340,7222,476,0,2018-03-11 16:40:37
342,6555,361,0,2018-03-15 20:28:15
344,7163,225,0,2018-03-09 06:26:09
345,7205,642,0,2018-03-15 19:25:38
347,6678,735,0,2018-03-10 08:50:04
348,6657,493,0,2018-03-10 22:24:12
349,7013,396,0,2018-03-09 07:09:27
350,6926,365,0,2018-03-11 06:15:04
351,5961,526,0,2018-02-01 13:56:40
352,7085,187,0,2018-03-15 04:59:28
353,7038,595,0,2018-03-09 16:11:01
355,6213,474,0,2018-02-02 04:51:14
357,7234,637,0,2018-03-13 14:32:36
358,6853,108,0,2018-03-08 01:29:13
360,6237,531,0,2018-02-23 16:40:29
361,6731,30,0,2018-03-09 02:06:29
363,7267,234,0,2018-03-15 15:14:03
364,6742,53,0,2018-03-12 03:15:55
365,7019,49,0,2018-03-13 01:09:04
368,6953,636,0,2018-03-11 23:36:08
369,6117,395,0,2018-02-07 07:20:40
370,6872,9,0,2018-03-15 17:23:55
371,6760,420,0,2018-03-15 04:36:18
372,6360,63,0,2018-02-23 01:59:03
373,6227,567,0,2018-02-15 19:16:33
376,6584,396,0,2018-03-09 05:21:07
377,6632,537,0,2018-03-15 10:35:13
378,6414,535,0,2018-02-12 23:11:52
380,6127,113,0,2018-02-23 12:18:56
382,7147,480,0,2018-03-10 17:03:03
383,6686,23,0,2018-03-11 10:42:53
387,7220,157,0,2018-03-08 00:33:17
388,6860,52,0,2018-03-11 11:15:34
389,6699,141,0,2018-03-12 18:20:04
390,7026,173,0,2018-03-11 18:13:23
391,6444,378,0,2018-02-22 10:56:46
392,6486,384,0,2018-02-13 17:40:35
396,7215,536,0,2018-03-10 11:45:20
398,6646,508,0,2018-03-09 23:12:22
399,6226,542,0,2018-02-20 02:08:42
401,7246,156,0,2018-03-14 03:02:51
403,6455,535,0,2018-02-12 17:48:44
406,6374,476,0,2018-02-28 11:07:31
407,6705,178,0,2018-03-08 01:01:57
408,6551,125,0,2018-03-11 19:23:15
409,6834,532,0,2018-03-09 00:06:46
411,6576,714,0,2018-03-11 15:17:18
412,6049,437,0,2018-02-28 14:59:56
413,6942,454,0,2018-03-08 18:30:22
415,5956,500,0,2018-02-08 00:09:08
419,6844,490,0,2018-03-12 11:58:44
421,6452,308,0,2018-02-28 15:43:23
422,6416,361,0,2018-02-19 18:50:26
424,6131,259,0,2018-02-07 00:41:31
425,6311,156,0,2018-02-21 16:38:21
426,6948,136,0,2018-03-09 05:54:16
429,5924,559,0,2018-02-06 08:46:31
430,6025,363,0,2018-02-01 02:27:32
431,6405,741,0,2018-02-14 15:00:55
432,6730,201,0,2018-03-12 06:15:55
433,7024,103,0,2018-03-14 14:47:41
434,6174,600,0,2018-02-23 07:16:35
435,6701,307,0,2018-03-13 06:22:35
436,6481,282,0,2018-02-18 18:13:14
440,7090,429,0,2018-03-13 19:29:54
441,6006,253,0,2018-02-21 06:51:44
442,6436,90,0,2018-02-06 13:50:55
443,6347,208,0,2018-02-25 11:41:20
444,6200,611,0,2018-02-24 21:22:33
445,6841,64,0,2018-03-12 14:08:09
446,5974,273,0,2018-02-02 01:14:58
447,6692,141,0,2018-03-08 01:12:46
448,7229,719,0,2018-03-11 23:21:27
450,7127,455,0,2018-03-11 00:56:00
452,6480,278,0,2018-02-10 21:42:57
453,6023,530,0,2018-02-12 03:25:08
454,7104,435,0,2018-03-09 18:29:09
457,7039,312,0,2018-03-11 09:11:10
458,6017,111,0,2018-02-03 14:20:27
459,6471,193,0,2018-02-19 15:25:32
460,6202,268,0,2018-02-27 15:21:57
461,6880,87,0,2018-03-12 09:27:59
462,6079,473,0,2018-02-13 13:47:50
463,6665,355,0,2018-03-09 04:44:44
464,7051,265,0,2018-03-14 08:55:32
465,5934,440,0,2018-02-04 03:44:48
466,6309,62,0,2018-02-02 18:23:59
467,6918,311,0,2018-03-15 03:14:39
469,6819,468,0,2018-03-15 18:17:11
471,6438,593,0,2018-02-15 21:34:20
472,6469,62,0,2018-02-28 12:10:00
473,6635,188,0,2018-03-13 18:25:02
474,6562,90,0,2018-03-12 08:02:37
477,6483,486,0,2018-02-01 23:20:07
478,7095,418,0,2018-03-13 10:11:34
481,6363,425,0,2018-02-15 09:32:01
482,6658,83,0,2018-03-10 10:20:08
486,6033,179,0,2018-02-22 07:28:38
487,6201,65,0,2018-02-08 07:14:18
488,7124,575,0,2018-03-12 18:43:41
489,6276,48,0,2018-02-13 06:11:28
490,7183,111,0,2018-03-10 16:46:57
491,6306,730,0,2018-02-14 04:02:31
493,6593,368,0,2018-03-08 16:32:44
497,7078,382,0,2018-03-08 05:38:36
498,6045,666,0,2018-02-08 17:33:43
499,6977,203,0,2018-03-13 03:27:21
500,6336,195,0,2018-02-16 09:26:33
502,6754,727,0,2018-03-10 17:52:32
503,6304,131,0,2018-02-07 17:14:24
506,6519,469,0,2018-02-16 19:29:50
507,6873,19,0,2018-03-08 12:24:25
508,6712,57,0,2018-03-11 01:00:28
509,6709,695,0,2018-03-09 21:41:54
512,7069,365,0,2018-03-09 21:31:17
513,6598,398,0,2018-03-10 09:33:26
514,7060,446,0,2018-03-15 09:11:21
515,7204,478,0,2018-03-13 05:21:04
516,5888,47,0,2018-02-23 22:16:27
518,6746,176,0,2018-03-10 00:01:09
519,6048,726,0,2018-02-13 19:27:31
521,7044,7,0,2018-03-11 01:36:39
522,6054,203,0,2018-02-27 05:58:17
523,6601,157,0,2018-03-09 22:16:00
524,5903,358,0,2018-02-07 09:45:44
526,6335,691,0,2018-02-05 00:48:28
527,6548,197,0,2018-03-08 03:34:20
528,6693,559,0,2018-03-11 04:12:27
529,6445,120,0,2018-02-27 03:34:50
530,6419,566,0,2018-02-21 12:06:19
534,7254,447,0,2018-03-08 10:32:27
535,6053,365,0,2018-02-10 01:27:04
536,6115,282,0,2018-02-20 05:33:50
538,6838,107,0,2018-03-15 21:18:41
541,7153,319,0,2018-03-12 00:01:47
542,6654,302,0,2018-03-12 01:58:58
543,6062,227,0,2018-02-05 06:19:49
547,7105,345,0,2018-03-09 16:00:37
548,7236,433,0,2018-03-15 00:41:54
550,6391,326,0,2018-02-11 15:03:18
552,6430,595,0,2018-02-12 23:48:04
554,6071,657,0,2018-02-15 08:17:52
556,6981,355,0,2018-03-10 08:41:54
557,6641,111,0,2018-03-11 02:54:46
558,6586,564,0,2018-03-11 08:18:29
559,5909,520,0,2018-02-12 07:44:13
560,6352,468,0,2018-02-11 13:27:16
562,7217,482,0,2018-03-08 15:57:25
563,6470,242,0,2018-02-20 09:33:59
564,6269,18,0,2018-02-21 02:10:46
565,6243,119,0,2018-02-27 17:59:15
566,7214,398,0,2018-03-10 14:40:10
569,6286,337,0,2018-02-04 10:31:10
570,6321,304,0,2018-02-12 10:10:08
572,7263,594,0,2018-03-08 21:35:29
573,7077,105,0,2018-03-08 22:48:18
574,6242,294,0,2018-02-28 09:04:37
575,6302,541,0,2018-02-04 18:41:13
578,7067,615,0,2018-03-15 14:46:23
579,6158,631,0,2018-02-01 17:36:19
580,6075,506,0,2018-02-12 17:17:02
581,7064,197,0,2018-03-09 15:48:47
582,5994,481,0,2018-02-17 06:31:11
584,6638,185,0,2018-03-11 13:28:26
585,6802,678,0,2018-03-10 12:26:42
586,5899,144,0,2018-02-02 18:16:26
587,6089,459,0,2018-02-10 23:42:24
588,7075,318,0,2018-03-10 00:51:29
589,6138,643,0,2018-02-18 17:47:42
590,7037,659,0,2018-03-13 00:27:05
592,6599,666,0,2018-03-13 05:23:41
594,6878,671,0,2018-03-12 02:26:50
595,5901,121,0,2018-02-10 04:49:19
596,6365,176,0,2018-02-20 23:07:15
597,6147,86,0,2018-02-24 11:58:22
598,6589,308,0,2018-03-12 23:25:23
599,6963,648,0,2018-03-10 19:22:10
600,6128,466,0,2018-02-22 17:24:24
602,6262,700,0,2018-02-27 09:36:28
604,6232,656,0,2018-02-07 05:28:11
605,7233,260,0,2018-03-12 16:20:16
608,6738,105,0,2018-03-12 02:07:52
610,7139,114,0,2018-03-15 05:38:58
611,7264,649,0,2018-03-12 02:04:50
612,6315,196,0,2018-02-05 00:34:17
614,6101,355,0,2018-02-20 18:36:54
615,6670,313,0,2018-03-15 02:42:13
616,6390,564,0,2018-02-23 22:01:58
617,7201,57,0,2018-03-12 06:49:19
618,6312,252,0,2018-02-18 00:07:01
620,6183,659,0,2018-02-17 00:16:51
621,6891,314,0,2018-03-15 00:36:53
622,6726,218,0,2018-03-11 21:08:35
623,6119,447,0,2018-02-11 01:49:03
624,6056,331,0,2018-02-01 06:51:55
625,6498,230,0,2018-02-05 04:32:47
626,6840,155,0,2018-03-10 06:30:58
627,6579,329,0,2018-03-11 09:31:17
628,5920,588,0,2018-02-15 19:38:36
629,6876,232,0,2018-03-11 23:54:13
630,5966,282,0,2018-02-27 09:06:32
631,6522,188,0,2018-02-02 18:46:33
632,6484,552,0,2018-02-01 03:35:35
633,5923,636,0,2018-02-06 01:55:14
634,7184,329,0,2018-03-09 13:39:39
637,6308,691,0,2018-02-14 05:33:36
638,6822,47,0,2018-03-11 17:25:10
640,6393,137,0,2018-02-14 23:30:58
642,6258,644,0,2018-02-18 17:23:03
646,6905,575,0,2018-03-14 08:21:32
648,6992,297,0,2018-03-12 21:14:23
650,6808,139,0,2018-03-15 14:50:23
651,6716,564,0,2018-03-13 06:21:09
652,6518,707,0,2018-02-11 10:06:47
653,6627,190,0,2018-03-15 04:12:47
654,5954,733,0,2018-02-13 04:51:08
656,6578,433,0,2018-03-14 19:30:02
657,6823,561,0,2018-03-14 00:11:10
661,6468,646,0,2018-02-08 16:21:23
663,5959,729,0,2018-02-13 07:51:01
665,6661,290,0,2018-03-11 14:28:44
666,6088,28,0,2018-02-22 15:11:22
667,6492,660,0,2018-02-19 18:50:45
668,6130,93,0,2018-02-27 12:46:14
669,6493,710,0,2018-02-22 14:36:54
670,6453,114,0,2018-02-19 05:45:06
673,6634,35,0,2018-03-11 15:33:27
674,7101,194,0,2018-03-08 11:43:05
675,6952,248,0,2018-03-09 14:53:54
676,6903,209,0,2018-03-09 05:53:46
678,5894,269,0,2018-02-18 02:41:53
679,6449,111,0,2018-02-27 00:33:27
681,7250,208,0,2018-03-11 11:05:31
682,6528,538,0,2018-02-24 01:58:14
684,7171,463,0,2018-03-09 18:53:19
685,7208,126,0,2018-03-08 17:37:04
691,6572,351,0,2018-03-12 11:51:52
692,6491,650,0,2018-02-12 15:15:34
693,7165,321,0,2018-03-08 07:07:43
695,7169,639,0,2018-03-15 12:29:50
696,7238,378,0,2018-03-08 09:41:45
697,6883,122,0,2018-03-15 16:53:35
699,5883,221,0,2018-02-15 09:07:20
700,6002,591,0,2018-02-10 04:01:43
701,6024,727,0,2018-02-06 15:58:43
702,7133,142,0,2018-03-13 01:29:19
703,6563,80,0,2018-03-15 14:40:26
705,7031,114,0,2018-03-08 20:45:42
707,6921,646,0,2018-03-10 19:02:39
711,6607,153,0,2018-03-14 03:33:47
712,6798,489,0,2018-03-11 21:07:10
713,6671,698,0,2018-03-08 11:57:55
715,7228,400,0,2018-03-12 13:39:56
716,6464,264,0,2018-02-07 04:28:23
717,6233,56,0,2018-02-01 16:29:28
718,6429,697,0,2018-02-04 10:07:19
721,6886,380,0,2018-03-15 12:17:00
724,6459,668,0,2018-02-15 20:00:56
725,6924,337,0,2018-03-11 14:53:59
726,6916,518,0,2018-03-13 01:22:40
727,6761,691,0,2018-03-13 02:01:33
728,7009,72,0,2018-03-10 20:26:19
729,7134,301,0,2018-03-09 06:34:26
730,6859,326,0,2018-03-13 20:32:17
731,6179,26,0,2018-02-23 09:55:13
732,6535,233,0,2018-03-10 05:32:29
734,6244,229,0,2018-02-11 02:53:15
735,6510,706,0,2018-02-19 07:57:34
737,5993,238,0,2018-02-01 12:04:19
739,6725,243,0,2018-03-14 16:18:36
740,6060,518,0,2018-02-16 03:51:21
741,6292,357,0,2018-02-25 22:12:51
742,7092,495,0,2018-03-08 19:09:37
745,6368,349,0,2018-02-08 10:04:03
746,5891,503,0,2018-02-13 07:41:14
747,7094,293,0,2018-03-09 17:25:04
748,6300,696,0,2018-02-06 03:21:01
749,7059,57,0,2018-03-12 04:58:45
750,6064,278,0,2018-02-26 18:09:33
752,6110,224,0,2018-02-03 10:24:27
753,6809,718,0,2018-03-13 03:35:50
754,6004,338,0,2018-02-06 14:04:47
756,6139,88,0,2018-02-05 02:35:08
758,6479,306,0,2018-02-11 08:31:43
759,6713,583,0,2018-03-13 07:26:02
760,6862,482,0,2018-03-13 13:52:46
761,6972,31,0,2018-03-13 20:41:45
762,6340,671,0,2018-02-26 22:15:47
763,5945,77,0,2018-02-02 14:25:16
764,6962,144,0,2018-03-09 17:22:00
766,6951,340,0,2018-03-09 04:12:53
767,6434,85,0,2018-02-18 14:45:13
768,5942,122,0,2018-02-08 17:18:27
769,6762,374,0,2018-03-11 16:01:05
771,6756,509,0,2018-03-08 07:51:38
772,6577,436,0,2018-03-08 06:00:32
773,6085,578,0,2018-02-20 11:23:38
778,6557,11,0,2018-03-14 20:50:09
779,7062,486,0,2018-03-15 15:42:27
780,6277,2,0,2018-02-26 12:31:24
781,6423,142,0,2018-02-24 05:03:19
782,6317,114,0,2018-02-05 20:16:30
783,6636,315,0,2018-03-10 07:30:50
786,6129,361,0,2018-02-25 09:43:15
787,7003,423,0,2018-03-14 01:05:57
788,6050,481,0,2018-02-02 06:22:59
789,6645,500,0,2018-03-08 11:49:05
790,6044,234,0,2018-02-07 20:51:50
791,6228,624,0,2018-02-05 16:42:00
793,6057,699,0,2018-02-14 00:40:47
794,6531,236,0,2018-03-13 05:07:30
795,7034,405,0,2018-03-08 19:24:37
796,6723,232,0,2018-03-09 16:36:21
797,6970,698,0,2018-03-09 09:22:18
798,6067,285,0,2018-02-02 18:23:49
799,6364,185,0,2018-02-16 23:20:55
801,6299,544,0,2018-02-12 08:35:40
802,6888,493,0,2018-03-08 13:42:36
803,6055,358,0,2018-02-28 19:16:09
804,6932,696,0,2018-03-08 04:25:29
805,7036,608,0,2018-03-13 21:50:35
807,6845,658,0,2018-03-13 00:31:00
809,6875,382,0,2018-03-12 23:36:33
811,6741,39,0,2018-03-09 07:17:42
812,6394,645,0,2018-02-15 02:32:50
814,6257,453,0,2018-02-11 01:27:04
816,6993,463,0,2018-03-15 20:30:26
817,6934,738,0,2018-03-11 17:07:55
818,6682,167,0,2018-03-11 15:42:43
819,6020,55,0,2018-02-01 19:56:27
822,6388,1,0,2018-02-22 05:42:46
823,6954,657,0,2018-03-10 20:39:17
824,5977,65,0,2018-02-23 05:53:37
827,6752,728,0,2018-03-15 18:50:12
828,6573,636,0,2018-03-14 13:14:01
829,7096,607,0,2018-03-11 04:54:29
830,7027,366,0,2018-03-10 20:03:20
831,6490,474,0,2018-02-19 17:16:34
832,6506,569,0,2018-02-03 11:05:32
833,7047,657,0,2018-03-14 12:20:08
834,7158,528,0,2018-03-08 09:33:46
835,6847,348,0,2018-03-14 09:21:32
837,6650,51,0,2018-03-09 18:11:35
838,6623,180,0,2018-03-11 17:14:05
840,6795,109,0,2018-03-08 07:53:25
843,5936,520,0,2018-02-11 15:53:54
844,6540,675,0,2018-03-13 07:07:16
845,6884,205,0,2018-03-15 10:48:22
848,5979,727,0,2018-02-01 13:53:40
850,6275,662,0,2018-02-13 18:08:48
851,6881,384,0,2018-03-12 09:10:37
852,6497,618,0,2018-02-20 19:45:19
853,7202,384,0,2018-03-13 18:06:01
854,6546,186,0,2018-03-08 02:03:52
855,6330,78,0,2018-02-07 04:23:35
856,6957,34,0,2018-03-08 12:35:23
857,7235,375,0,2018-03-10 00:39:10
858,5917,234,0,2018-02-21 06:15:22
859,6640,86,0,2018-03-09 20:09:09
861,5986,661,0,2018-02-10 14:01:35
862,5962,166,0,2018-02-02 09:58:32
864,6865,365,0,2018-03-14 00:45:00
866,6829,183,0,2018-03-08 02:51:39
869,6857,694,0,2018-03-08 12:29:23
870,6711,219,0,2018-03-12 05:08:15
871,6487,415,0,2018-02-04 08:20:49
873,6570,556,0,2018-03-09 03:01:05
874,7259,473,0,2018-03-13 20:56:57
875,6230,682,0,2018-02-24 15:34:05
876,6246,305,0,2018-02-05 09:54:07
877,5980,181,0,2018-02-13 07:26:48
878,6624,426,0,2018-03-10 04:51:26
879,6332,231,0,2018-02-27 18:00:18
880,6039,663,0,2018-02-10 03:59:35
881,6797,613,0,2018-03-13 07:24:45
882,6038,522,0,2018-02-12 03:58:33
883,6566,366,0,2018-03-12 18:53:19
884,7195,116,0,2018-03-10 12:07:33
885,6274,670,0,2018-02-16 07:46:45
886,5991,30,0,2018-02-09 23:30:42
887,6485,93,0,2018-02-25 09:44:31
888,7226,205,0,2018-03-15 18:31:57
889,6585,331,0,2018-03-13 02:41:08
891,5928,702,0,2018-02-21 00:27:35
892,6536,246,0,2018-03-08 19:31:12
893,6666,368,0,2018-03-09 01:05:08
896,6026,244,0,2018-02-05 08:30:51
899,6143,65,0,2018-02-12 20:47:56
900,6256,329,0,2018-02-12 23:38:47
901,6109,534,0,2018-02-09 16:05:01
903,5958,668,0,2018-02-03 03:14:08
905,7054,80,0,2018-03-08 18:10:33
906,6605,726,0,2018-03-14 22:05:56
907,6113,436,0,2018-02-24 04:55:26
908,6675,474,0,2018-03-08 05:27:06
910,6173,166,0,2018-02-13 19:16:35
911,6206,607,0,2018-02-28 22:01:10
912,6652,352,0,2018-03-12 23:47:35
913,6511,284,0,2018-02-05 07:03:41
914,6387,630,0,2018-02-15 09:05:24
916,6913,742,0,2018-03-08 18:12:47
917,5890,157,0,2018-02-19 08:00:14
918,7244,601,0,2018-03-11 04:19:39
920,5902,515,0,2018-02-16 11:47:51
921,6749,519,0,2018-03-10 13:56:30
922,6398,480,0,2018-02-06 03:14:36
925,6185,567,0,2018-02-08 07:45:08
926,7138,453,0,2018-03-15 10:07:26
927,7109,54,0,2018-03-11 11:54:36
931,7068,294,0,2018-03-10 15:12:29
933,6271,631,0,2018-02-03 08:19:17
934,7122,189,0,2018-03-08 04:58:02
935,6706,502,0,2018-03-10 22:17:46
937,6833,199,0,2018-03-12 04:36:12
938,7160,283,0,2018-03-09 12:39:16
939,6069,532,0,2018-02-27 17:09:48
940,6673,125,0,2018-03-13 21:38:40
941,5898,584,0,2018-02-03 20:44:57
942,6651,583,0,2018-03-14 18:50:51
943,6831,202,0,2018-03-15 07:10:14
945,6410,252,0,2018-02-09 04:16:31
946,7265,270,0,2018-03-09 21:18:36
947,7191,90,0,2018-03-14 22:51:48
948,7209,565,0,2018-03-10 14:38:59
949,6794,400,0,2018-03-15 18:35:33
951,6210,206,0,2018-02-14 16:21:22
953,6066,505,0,2018-02-24 21:57:15
954,6587,427,0,2018-03-10 18:16:08
955,6458,657,0,2018-02-13 10:38:03
956,6710,396,0,2018-03-08 07:06:24
958,6765,512,0,2018-03-10 02:27:15
959,6489,742,0,2018-02-20 18:30:00
960,6441,359,0,2018-02-27 13:40:26
961,6346,70,0,2018-02-13 21:41:03
962,5976,212,0,2018-02-15 00:11:20
963,7262,248,0,2018-03-12 00:11:11
964,6580,50,0,2018-03-09 14:02:58
966,6602,129,0,2018-03-09 10:45:51
967,6254,257,0,2018-02-20 02:03:43
968,6323,514,0,2018-02-21 17:56:17
969,6979,49,0,2018-03-12 03:02:11
970,7237,583,0,2018-03-08 19:39:36
971,6792,403,0,2018-03-08 09:53:37
972,6751,408,0,2018-03-13 09:36:53
975,6252,642,0,2018-02-15 19:01:40
978,6984,194,0,2018-03-13 17:29:53
980,6203,70,0,2018-02-05 02:32:47
981,6982,168,0,2018-03-13 16:14:18
982,6065,331,0,2018-02-27 02:41:06
987,5983,274,0,2018-02-09 14:57:00
988,6676,306,0,2018-03-12 21:32:12
989,6750,357,0,2018-03-15 21:44:05
993,7002,658,0,2018-03-08 21:42:41
994,6994,606,0,2018-03-11 14:40:45
996,6467,696,0,2018-02-13 19:02:51
997,6494,632,0,2018-02-07 12:17:00
998,6575,714,0,2018-03-14 04:23:20
1000,6796,262,0,2018-03-10 19:05:15
1001,6082,147,0,2018-02-03 06:56:07
1002,6010,697,0,2018-02-07 16:07:14
1004,7014,297,0,2018-03-13 10:43:28
1007,7126,498,0,2018-03-09 01:04:05
1008,6642,132,0,2018-03-12 05:25:21
1009,6545,281,0,2018-03-10 21:32:49
1010,6619,162,0,2018-03-14 22:18:22
1011,7130,30,0,2018-03-14 12:59:53
1012,6514,639,0,2018-02-16 10:47:44
1014,6148,325,0,2018-02-28 14:49:56
1015,6155,118,0,2018-02-16 17:47:29
1017,5922,168,0,2018-02-02 11:41:10
1018,7175,277,0,2018-03-12 03:21:37
1019,7140,95,0,2018-03-13 20:31:43
1021,7260,606,0,2018-03-09 05:57:51
1022,7071,191,0,2018-03-08 13:45:59
1023,6112,9,0,2018-02-26 17:19:57
1024,6121,34,0,2018-02-02 12:30:25
1025,6446,532,0,2018-02-08 19:45:55
1027,7198,566,0,2018-03-14 07:57:50
1031,6737,686,0,2018-03-14 21:15:35
1032,6061,140,0,2018-02-14 04:42:23
1033,7025,5,0,2018-03-09 00:03:08
1034,6105,572,0,2018-02-21 12:04:32
1036,6529,87,0,2018-02-24 14:03:40
1037,6265,599,0,2018-02-16 06:07:40
1038,6938,240,0,2018-03-11 03:35:49
1040,6782,197,0,2018-03-08 03:13:02
1042,6558,487,0,2018-03-13 13:55:30
1043,6689,124,0,2018-03-13 11:15:19
1044,7188,627,0,2018-03-15 19:56:29
1046,6373,191,0,2018-02-22 14:30:11
1049,5921,255,0,2018-02-08 11:53:33
1050,7131,201,0,2018-03-09 21:09:58
1052,6897,716,0,2018-03-13 12:26:09
1053,6260,335,0,2018-02-17 19:00:20
1054,7258,431,0,2018-03-13 23:20:28
1055,6503,655,0,2018-02-26 22:50:59
1058,5938,284,0,2018-02-19 08:44:59
1059,6144,538,0,2018-02-13 04:39:46
1062,6900,201,0,2018-03-15 01:03:05
1064,6046,557,0,2018-02-22 07:00:28
1065,6824,522,0,2018-03-08 17:43:50
1066,6012,476,0,2018-02-25 05:37:10
1068,6639,26,0,2018-03-09 11:19:37
1069,6205,502,0,2018-02-19 15:42:54
1070,6287,350,0,2018-02-17 16:26:22
1071,6789,506,0,2018-03-09 13:30:14
1072,6191,82,0,2018-02-06 12:11:03
1073,6508,468,0,2018-02-26 20:09:42
1074,6516,619,0,2018-02-07 23:24:16
1076,6590,539,0,2018-03-13 11:25:50
1077,5933,172,0,2018-02-24 12:58:34
1078,6194,602,0,2018-02-16 20:58:38
1080,6700,612,0,2018-03-09 13:05:05
1082,6239,237,0,2018-02-15 03:25:39
1083,6297,661,0,2018-02-27 08:33:01
1084,7017,528,0,2018-03-12 07:59:43
1085,6043,405,0,2018-02-17 21:40:03
1086,6077,55,0,2018-02-28 01:32:28
1089,6116,228,0,2018-02-27 00:14:54
1090,5953,155,0,2018-02-07 01:18:02
1093,7115,580,0,2018-03-08 17:00:52
1094,6165,328,0,2018-02-13 16:30:39
1095,6482,295,0,2018-02-02 19:08:18
1096,6236,447,0,2018-02-18 13:17:42
1098,6925,611,0,2018-03-10 05:16:17
1099,6966,482,0,2018-03-15 10:19:24
1101,6192,255,0,2018-02-13 16:02:09
1102,6914,442,0,2018-03-14 13:07:08
1103,6505,80,0,2018-02-11 07:22:21
1104,6927,726,0,2018-03-11 22:15:21
1105,7070,678,0,2018-03-14 22:57:09
1106,6668,186,0,2018-03-08 01:34:45
1107,6408,577,0,2018-02-04 14:16:20
1109,6456,580,0,2018-02-10 06:52:41
1110,6224,718,0,2018-02-09 09:59:27
1111,7239,354,0,2018-03-09 20:08:09
1112,6804,306,0,2018-03-12 16:55:29
1113,6786,106,0,2018-03-14 06:11:06
1114,7005,214,0,2018-03-11 13:52:53
1116,6222,101,0,2018-02-09 17:44:48
1117,6211,435,0,2018-02-02 02:57:06
1118,7011,42,0,2018-03-12 08:34:07
1119,7173,87,0,2018-03-14 17:16:50
1121,6334,690,0,2018-02-24 08:01:25
1122,6454,629,0,2018-02-26 06:01:50
1123,6720,156,0,2018-03-14 14:51:43
1125,7117,52,0,2018-03-15 16:56:59
1127,6096,589,0,2018-02-10 08:26:56
1128,6672,51,0,2018-03-10 20:16:23
1131,6279,269,0,2018-02-14 03:13:31
1133,7166,56,0,2018-03-12 16:34:56
1134,7023,682,0,2018-03-08 05:05:04
1137,7155,415,0,2018-03-12 08:29:15
1138,6426,742,0,2018-02-22 02:42:28
1139,5965,109,0,2018-02-03 18:55:50
1140,6501,144,0,2018-02-04 13:38:39
1141,6229,239,0,2018-02-11 06:37:31
1142,6238,397,0,2018-02-28 00:12:43
1143,6161,726,0,2018-02-16 08:30:31
1144,6995,184,0,2018-03-12 18:07:52
1145,6571,202,0,2018-03-11 14:43:34
1146,6717,563,0,2018-03-15 00:56:53
1147,7045,426,0,2018-03-13 06:46:12
1148,6810,405,0,2018-03-07 23:38:56
1149,7232,349,0,2018-03-13 04:02:23
1150,6946,639,0,2018-03-10 16:53:30
1151,6326,231,0,2018-02-27 11:53:30
1152,5913,725,0,2018-02-23 08:52:31
1153,6909,529,0,2018-03-09 09:35:34
1154,7219,147,0,2018-03-09 20:58:37
1155,6190,226,0,2018-02-23 02:47:07
1156,7207,465,0,2018-03-08 22:59:16
1157,6149,478,0,2018-02-15 08:12:00
1158,5912,459,0,2018-02-23 20:26:13
1159,6357,11,0,2018-02-03 07:22:34
1160,6656,567,0,2018-03-10 11:44:44
1161,6615,250,0,2018-03-09 08:39:39
1162,6559,361,0,2018-03-12 15:19:49
1163,5884,192,0,2018-02-25 16:40:37
1164,6280,474,0,2018-02-21 09:02:37
1165,6507,458,0,2018-02-06 21:12:31
1166,6310,57,0,2018-02-16 06:01:55
1168,6600,715,0,2018-03-14 15:54:19
1169,7052,237,0,2018-03-13 15:53:57
1170,7048,118,0,2018-03-11 19:23:18
1171,6108,192,0,2018-02-24 10:10:41
1172,6316,330,0,2018-02-24 22:11:49
1173,6216,78,0,2018-02-01 21:06:28
1175,6842,46,0,2018-03-13 07:09:27
1176,6145,198,0,2018-02-28 14:14:55
1178,6898,221,0,2018-03-09 00:35:54
1179,6178,140,0,2018-02-23 02:35:08
1181,6597,186,0,2018-03-14 18:29:20
1183,7156,6,0,2018-03-15 22:10:46
1184,7212,200,0,2018-03-15 20:48:11
1186,6084,345,0,2018-02-26 22:46:38
1187,6369,608,0,2018-02-21 11:23:28
1188,6146,640,0,2018-02-11 03:17:36
1190,7103,323,0,2018-03-10 19:22:08
1191,7192,177,0,2018-03-11 16:53:51
1193,7061,250,0,2018-03-08 14:04:54
1194,6776,374,0,2018-03-12 10:54:57
1195,6890,582,0,2018-03-12 13:19:11
1196,7395,280,243,2018-03-05 07:18:39
1197,7893,126,369,2018-03-11 18:38:08
1198,7416,464,284,2018-03-08 02:19:34
1199,8077,482,24,2018-03-11 14:23:45
1200,7531,619,338,2018-03-12 06:56:45
1201,7883,552,154,2018-03-10 12:31:32
1202,7427,431,342,2018-03-06 11:52:53
1203,7617,516,121,2018-03-11 23:58:45
1204,7502,683,15,2018-03-01 15:31:00
1205,8168,153,,2018-03-03 16:20:58
1206,8186,622,,2018-03-07 18:50:45
1207,7564,604,312,2018-03-09 08:44:05
1208,7744,307,447,2018-03-09 23:18:21
1209,7988,536,159,2018-03-03 08:44:14
1210,8237,542,208,2018-03-11 21:58:10
1211,7702,651,66,2018-03-04 09:46:52
1212,7615,493,140,2018-03-14 07:56:08
1213,7459,129,106,2018-03-07 10:58:01
1214,7939,581,190,2018-03-01 07:39:19
1215,8325,461,251,2018-03-07 16:10:28
1216,8197,68,322,2018-03-07 09:17:49
1217,8116,586,16,2018-03-13 20:45:55
1218,7765,301,,2018-03-10 15:13:58
1219,8270,368,18,2018-03-10 10:47:40
1220,8272,17,45,2018-03-09 12:55:39
1221,7953,737,173,2018-03-13 10:58:11
1222,8350,339,38,2018-03-09 13:47:10
1223,8240,610,521,2018-03-09 21:22:06
1224,7650,577,51,2018-03-05 17:46:23
1225,8037,225,221,2018-03-03 05:19:16
1226,7747,272,,2018-03-02 13:35:16
1227,8301,487,44,2018-03-06 13:23:23
1228,8309,481,,2018-03-06 06:43:17
1229,8065,402,,2018-03-14 22:24:00
1230,8095,313,107,2018-03-04 18:45:03
1231,7797,625,220,2018-03-14 22:52:16
1232,8117,637,249,2018-03-10 12:58:45
1233,7322,660,,2018-03-04 23:36:09
1234,8103,24,166,2018-03-06 23:27:11
1235,7439,409,230,2018-03-14 21:52:58
1236,7344,369,,2018-03-11 00:58:22
1237,7832,352,264,2018-03-08 13:46:05
1238,7298,49,170,2018-03-12 13:23:39
1239,7560,501,,2018-03-08 04:03:41
1240,8093,587,412,2018-03-04 03:03:59
1241,7819,703,,2018-03-06 10:51:05
1242,7479,67,184,2018-03-11 14:41:16
1243,8002,641,263,2018-03-01 23:32:12
1244,7923,336,211,2018-03-03 07:59:43
1245,7763,11,,2018-03-08 00:22:57
1246,8297,96,,2018-03-14 14:18:24
1247,8216,344,403,2018-03-11 23:05:44
1248,8063,725,,2018-03-03 09:36:35
1249,7791,683,,2018-03-06 11:06:52
1250,7905,12,,2018-03-11 05:41:00
1251,7595,719,217,2018-03-11 10:20:48
1252,7421,342,413,2018-03-11 04:16:28
1253,8214,79,,2018-03-02 18:44:30
1254,7350,106,126,2018-03-12 08:35:12
1255,7304,449,80,2018-03-05 21:34:53
1256,7385,31,43,2018-03-08 14:02:07
1257,8252,326,118,2018-03-02 18:24:03
1258,8046,501,,2018-03-02 00:58:37
1259,8255,698,120,2018-03-01 14:48:28
1260,7812,31,106,2018-03-02 14:00:30
1261,7405,494,132,2018-03-09 08:57:55
1262,7413,655,21,2018-03-11 17:22:26
1263,8100,705,,2018-03-10 03:07:09
1264,7825,282,,2018-03-07 22:01:08
1265,7606,114,,2018-03-04 17:21:29
1266,8126,223,278,2018-03-07 18:12:41
1267,8289,362,182,2018-03-10 18:02:15
1268,8376,495,329,2018-03-07 23:57:06
1269,7419,187,57,2018-03-03 18:49:41
1270,7563,601,,2018-03-08 13:55:41
1271,7323,369,213,2018-03-06 23:24:47
1272,7693,412,174,2018-03-11 08:51:19
1273,7761,733,,2018-03-09 04:09:14
1274,7353,436,168,2018-03-07 11:50:38
1275,8339,696,419,2018-03-09 18:20:18
1276,7741,650,38,2018-03-10 07:53:59
1277,7897,200,285,2018-03-06 11:34:52
1278,7289,618,475,2018-03-13 12:15:54
1279,7333,11,506,2018-03-13 11:05:22
1280,7402,203,314,2018-03-06 01:02:29
1281,7652,472,330,2018-03-13 08:38:55
1282,8336,24,170,2018-03-14 17:25:56
1283,8026,5,197,2018-03-13 23:35:40
1284,7998,263,16,2018-03-02 19:25:20
1285,7482,412,92,2018-03-12 04:59:23
1286,7530,712,40,2018-03-03 01:54:50
1287,7907,650,145,2018-03-05 22:27:40
1288,8315,18,235,2018-03-06 00:47:04
1289,8022,121,98,2018-03-07 07:33:07
1290,8144,128,98,2018-03-05 15:23:25
1291,7516,568,415,2018-03-08 15:13:37
1292,7951,530,37,2018-03-13 11:07:18
1293,7493,184,76,2018-03-06 22:00:22
1294,8004,159,,2018-03-14 22:34:52
1295,7325,127,,2018-03-12 21:57:49
1296,7737,201,130,2018-03-01 11:54:21
1297,7279,61,72,2018-03-13 05:21:00
1298,7948,516,157,2018-03-08 19:38:44
1299,8013,623,160,2018-03-03 12:30:01
1300,7504,696,299,2018-03-01 08:57:35
1301,7820,356,317,2018-03-05 03:12:25
1302,8096,72,,2018-03-07 17:46:19
1303,7967,601,394,2018-03-11 13:26:36
1304,7833,247,97,2018-03-01 12:26:25
1305,7474,655,208,2018-03-05 18:20:07
1306,7675,384,81,2018-03-03 12:55:15
1307,7733,8,,2018-03-04 09:17:29
1308,7484,160,569,2018-03-13 11:01:08
1309,7271,308,446,2018-03-08 10:38:34
1310,8075,199,314,2018-03-06 11:46:15
1311,7348,460,307,2018-03-05 03:08:45
1312,7920,645,90,2018-03-11 06:12:33
1313,7914,603,160,2018-03-06 09:32:24
1314,7383,394,279,2018-03-08 17:19:53
1315,8249,390,,2018-03-01 16:45:50
1316,7840,155,434,2018-03-07 16:11:59
1317,8131,218,,2018-03-01 12:32:48
1318,7522,78,397,2018-03-11 04:18:22
1319,8198,559,292,2018-03-10 21:03:25
1320,8211,556,18,2018-03-09 04:02:07
1321,7396,127,225,2018-03-10 21:26:49
1322,8256,231,191,2018-03-09 12:21:06
1323,8134,432,223,2018-03-01 20:27:37
1324,8299,451,386,2018-03-11 09:32:16
1325,7360,615,,2018-03-13 01:23:19
1326,7898,572,,2018-03-08 22:55:48
1327,7943,96,142,2018-03-06 12:21:27
1328,7573,46,129,2018-03-12 15:36:33
1329,7308,688,378,2018-03-09 18:16:53
1330,7810,68,307,2018-03-01 18:36:59
1331,7869,96,,2018-03-03 12:17:16
1332,7841,56,563,2018-03-01 04:35:20
1333,7853,244,146,2018-03-02 06:54:30
1334,7389,634,191,2018-03-05 17:23:52
1335,7867,566,127,2018-03-05 06:24:00
1336,7805,183,253,2018-03-10 08:33:17
1337,8133,571,171,2018-02-28 23:38:34
1338,8202,579,,2018-03-10 10:20:24
1339,7338,641,,2018-03-02 05:03:52
1340,7794,78,,2018-03-10 02:12:30
1341,7594,457,172,2018-03-04 16:08:45
1342,8267,604,253,2018-03-13 15:02:52
1343,8233,622,16,2018-03-13 08:04:00
1344,7538,479,,2018-03-10 13:33:09
1345,7954,160,15,2018-03-05 18:14:02
1346,7513,442,414,2018-03-02 10:51:16
1347,7378,103,87,2018-03-09 12:38:17
1348,7318,311,146,2018-03-03 03:02:29
1349,7593,570,150,2018-03-14 18:09:37
1350,8188,341,,2018-03-04 19:26:25
1351,7996,148,144,2018-03-12 02:18:08
1352,7534,370,64,2018-03-05 05:17:41
1353,7971,203,,2018-03-11 19:32:08
1354,7710,6,,2018-03-08 08:00:54
1355,7422,669,144,2018-03-14 13:32:27
1356,8351,494,168,2018-03-02 09:02:27
1357,8345,88,,2018-03-05 21:11:17
1358,7793,196,,2018-03-03 11:12:42
1359,7800,187,160,2018-03-08 03:41:40
1360,8153,189,335,2018-03-08 05:46:41
1361,7498,483,,2018-03-13 07:55:25
1362,7582,332,145,2018-03-04 03:21:17
1363,7863,11,59,2018-03-06 15:17:19
1364,8099,329,,2018-03-01 14:22:30
1365,7638,170,,2018-03-01 12:05:38
1366,7293,467,266,2018-03-12 17:29:38
1367,7704,281,340,2018-03-09 07:03:06
1368,8176,704,133,2018-03-11 20:50:55
1369,7792,492,,2018-03-13 01:15:22
1370,7281,444,374,2018-03-06 12:24:39
1371,7806,710,358,2018-03-12 21:55:20
1372,7423,71,283,2018-03-03 14:37:12
1373,7712,622,163,2018-03-05 01:56:43
1374,7275,129,17,2018-03-02 07:38:30
1375,7676,95,315,2018-03-02 09:48:08
1376,8010,167,155,2018-03-13 01:38:42
1377,7828,380,410,2018-03-05 21:59:39
1378,7450,450,264,2018-03-13 11:18:30
1379,8069,205,25,2018-03-03 06:38:47
1380,8330,593,62,2018-03-07 12:25:54
1381,8382,603,329,2018-03-02 19:57:23
1382,8135,57,393,2018-03-05 21:31:29
1383,7515,51,479,2018-03-08 16:45:20
1384,8286,644,87,2018-03-11 19:40:06
1385,7974,547,271,2018-03-04 06:54:40
1386,7448,113,,2018-03-09 15:35:26
1387,7601,150,366,2018-03-06 18:01:38
1388,8287,560,83,2018-03-04 22:04:47
1389,7435,734,16,2018-03-06 23:44:18
1390,7417,23,227,2018-03-11 01:44:27
1391,7434,674,39,2018-03-13 08:16:14
1392,7414,34,,2018-03-09 02:25:02
1393,7404,230,301,2018-03-03 13:20:23
1394,7977,111,,2018-03-05 15:02:44
1395,7945,184,,2018-03-03 03:49:11
1396,7366,299,62,2018-03-07 18:36:12
1397,7701,228,45,2018-03-14 12:44:26
1398,7732,706,227,2018-03-12 19:16:18
1399,7722,313,413,2018-03-02 07:53:39
1400,8205,158,,2018-03-13 22:32:30
1401,8156,65,124,2018-03-02 23:11:31
1402,8098,429,343,2018-03-11 03:18:20
1403,7626,727,67,2018-03-08 12:10:08
1404,7918,581,256,2018-03-09 06:21:04
1405,8377,630,19,2018-03-03 22:13:40
1406,7753,90,190,2018-03-07 08:27:39
1407,7352,418,378,2018-03-03 13:19:21
1408,8362,271,169,2018-03-05 22:03:16
1409,7906,283,472,2018-03-12 17:20:15
1410,7690,196,205,2018-03-07 15:31:59
1411,7536,52,190,2018-03-02 08:32:48
1412,8323,352,49,2018-03-12 17:47:05
1413,7532,182,442,2018-03-13 08:18:27
1414,7559,646,240,2018-03-05 11:49:45
1415,7403,563,,2018-03-14 10:21:27
1416,7586,583,,2018-03-08 06:24:15
1417,7752,686,,2018-03-01 17:18:35
1418,8353,212,186,2018-03-08 08:09:24
1419,7282,725,21,2018-03-12 18:43:24
1420,8347,604,171,2018-03-11 01:33:37
1421,7472,239,133,2018-03-06 21:18:27
1422,7728,697,,2018-03-06 00:55:34
1423,8221,324,185,2018-03-08 19:19:34
1424,7470,441,222,2018-03-09 22:16:33
1425,8223,694,,2018-03-02 13:48:51
1426,8311,659,289,2018-03-11 13:40:31
1427,7694,164,25,2018-03-11 03:55:42
1428,7934,452,363,2018-03-02 09:41:37
1429,7708,258,,2018-03-08 08:45:25
1430,7758,6,358,2018-03-14 05:57:51
1431,7929,424,28,2018-03-03 01:27:57
1432,7700,385,62,2018-03-06 07:09:16
1433,8094,413,85,2018-03-09 08:39:22
1434,7511,206,216,2018-03-12 08:44:40
1435,7868,549,,2018-03-13 18:10:38
1436,8132,526,,2018-03-02 02:47:12
1437,8031,732,81,2018-03-08 06:06:09
1438,7277,647,542,2018-03-09 19:42:14
1439,7321,58,432,2018-03-05 15:08:01
1440,7756,178,348,2018-03-06 13:34:07
1441,8140,516,350,2018-03-06 20:19:07
1442,8050,340,107,2018-03-12 14:55:00
1443,8248,436,362,2018-03-10 07:20:20
1444,7407,598,414,2018-03-01 08:49:01
1445,7778,310,,2018-03-13 16:00:30
1446,7330,98,348,2018-03-14 21:51:04
1447,7921,433,,2018-03-14 01:41:09
1448,7781,417,35,2018-03-06 22:12:28
1449,7384,710,234,2018-03-05 23:11:16
1450,8057,554,,2018-03-02 09:48:29
1451,8206,299,215,2018-03-09 14:07:12
1452,7844,13,,2018-03-08 08:01:43
1453,8283,433,157,2018-03-10 08:00:29
1454,7689,432,232,2018-03-05 13:13:27
1455,8041,706,,2018-03-02 00:34:42
1456,8231,547,256,2018-03-08 16:50:39
1457,7955,670,,2018-03-02 00:10:04
1458,7611,613,197,2018-03-04 08:29:52
1459,8344,692,103,2018-03-03 03:17:18
1460,7436,298,94,2018-03-10 16:54:51
1461,7671,430,309,2018-03-13 06:57:25
1462,8019,482,130,2018-03-10 12:53:35
1463,8356,542,38,2018-03-05 00:40:56
1464,7930,92,416,2018-03-03 15:03:27
1465,7440,736,301,2018-03-07 22:58:11
1466,7544,334,,2018-03-03 05:25:50
1467,7739,16,150,2018-03-07 23:12:41
1468,7609,147,47,2018-03-09 16:24:33
1469,7850,110,385,2018-03-06 02:23:03
1470,7319,580,23,2018-03-09 16:13:17
1471,7670,157,,2018-03-08 03:36:51
1472,7664,105,66,2018-03-09 23:07:03
1473,7551,453,270,2018-03-11 21:36:12
1474,7320,124,80,2018-03-07 05:04:22
1475,8305,157,88,2018-03-08 14:10:34
1476,8076,384,161,2018-03-03 08:46:11
1477,7292,490,25,2018-03-05 21:30:00
1478,7657,298,,2018-03-08 20:28:17
1479,8036,694,325,2018-03-13 06:11:03
1480,7935,340,204,2018-03-09 22:11:06
1481,7986,293,27,2018-03-04 14:09:30
1482,7655,90,142,2018-03-09 08:11:30
1483,7273,630,17,2018-03-13 10:40:49
1484,8020,34,204,2018-03-03 06:23:45
1485,8060,731,247,2018-03-09 18:14:47
1486,8101,454,,2018-03-07 14:24:24
1487,7835,716,140,2018-03-03 12:43:25
1488,7339,716,397,2018-03-04 20:03:23
1489,8021,367,13,2018-03-06 13:38:02
1490,8171,146,148,2018-03-12 23:43:55
1491,7889,76,458,2018-03-09 16:16:39
1492,8097,310,262,2018-03-02 15:32:29
1493,7886,123,126,2018-03-05 19:57:33
1494,8062,304,332,2018-03-14 11:12:26
1495,8367,198,,2018-03-01 07:18:57
1496,7394,110,138,2018-03-09 16:58:46
1497,7887,538,261,2018-03-04 03:11:25
1498,8261,373,118,2018-03-11 19:16:45
1499,7496,29,325,2018-03-11 22:06:43
1500,8047,603,316,2018-03-07 03:04:42
1501,8294,625,73,2018-03-04 06:22:21
1502,7399,14,218,2018-03-08 19:07:48
1503,7807,173,298,2018-03-12 19:26:08
1504,8374,272,,2018-03-10 12:49:35
1505,8141,36,397,2018-03-07 10:00:13
1506,7568,188,186,2018-03-13 05:48:30
1507,8003,147,30,2018-03-02 07:29:11
1508,8257,728,271,2018-03-09 15:57:01
1509,7854,414,,2018-03-11 05:37:16
1510,7581,11,246,2018-03-06 06:48:14
1511,7748,147,403,2018-03-08 10:44:06
1512,7855,53,324,2018-03-06 03:39:43
1513,7311,480,205,2018-03-12 15:41:42
1514,8378,435,105,2018-03-02 18:47:18
1515,7490,539,48,2018-03-05 07:28:34
1516,7331,282,113,2018-03-09 11:07:45
1517,8265,648,6,2018-03-04 04:59:24
1518,8079,226,233,2018-03-01 15:28:04
1519,8181,276,376,2018-03-01 07:01:58
1520,8328,424,61,2018-03-02 04:10:23
1521,7452,276,318,2018-03-12 15:04:38
1522,8174,216,,2018-03-05 00:40:46
1523,7717,395,534,2018-03-06 06:50:20
1524,7583,403,371,2018-03-14 08:34:19
1525,8030,189,9,2018-03-12 17:33:05
1526,7944,681,210,2018-03-10 06:10:30
1527,7524,30,77,2018-03-09 12:08:24
1528,7646,287,356,2018-03-04 14:22:06
1529,8164,166,317,2018-03-08 00:40:07
1530,7861,186,,2018-03-10 20:16:59
1531,8262,291,523,2018-03-12 01:31:00
1532,8152,97,72,2018-03-10 00:24:04
1533,8130,14,382,2018-03-09 11:44:47
1534,7604,87,78,2018-03-06 20:06:37
1535,7983,711,48,2018-03-11 13:25:39
1536,7283,63,381,2018-03-13 11:45:40
1537,7365,543,175,2018-03-01 18:16:53
1538,7767,664,59,2018-03-12 05:23:51
1539,7706,577,,2018-03-11 00:54:02
1540,8109,151,398,2018-03-04 01:08:42
1541,8281,313,298,2018-03-11 10:13:04
1542,7326,517,410,2018-03-08 00:03:41
1543,7843,232,,2018-03-10 09:40:54
1544,8012,551,489,2018-03-13 01:09:27
1545,7574,399,,2018-03-10 19:21:00
1546,8207,309,105,2018-03-10 19:55:33
1547,7497,12,320,2018-03-09 19:44:21
1548,7488,681,100,2018-03-13 07:12:21
1549,7787,398,9,2018-03-01 09:59:52
1550,7519,105,309,2018-03-05 15:42:49
1551,7356,230,276,2018-03-04 08:00:55
1552,8182,297,,2018-03-09 21:57:14
1553,7445,522,218,2018-03-03 22:26:07
1554,7625,88,81,2018-03-12 06:47:10
1555,7968,277,8,2018-03-02 13:47:14
1556,7370,573,113,2018-03-01 22:44:32
1557,7307,501,81,2018-03-05 18:23:36
1558,7424,384,153,2018-03-05 09:49:41
1559,7387,294,44,2018-02-28 23:29:15
1560,7644,284,,2018-03-10 02:43:44
1561,7336,180,242,2018-03-07 04:57:29
1562,7476,708,410,2018-03-10 14:20:03
1563,7569,579,244,2018-03-14 12:02:02
1564,8064,633,281,2018-03-03 17:07:42
1565,7572,254,199,2018-03-01 08:03:53
1566,7873,668,,2018-03-12 20:25:55
1567,7871,536,339,2018-03-05 10:30:29
1568,7674,210,77,2018-03-07 04:27:16
1569,8338,585,478,2018-03-09 14:17:42
1570,7836,566,127,2018-03-08 22:33:01
1571,8200,139,200,2018-03-08 09:12:31
1572,8106,17,16,2018-03-14 11:09:44
1573,7290,416,,2018-03-11 18:20:43
1574,7597,499,192,2018-03-07 03:01:31
1575,8258,198,12,2018-03-02 03:04:39
1576,7477,89,10,2018-03-03 22:34:17
1577,7936,74,348,2018-03-14 20:58:20
1578,7687,119,,2018-03-06 21:12:43
1579,7506,559,,2018-03-04 01:58:59
1580,7713,472,,2018-03-10 05:01:01
1581,7691,182,326,2018-03-02 22:28:23
1582,7575,204,,2018-03-10 23:56:31
1583,8102,378,18,2018-03-14 20:49:19
1584,7901,432,196,2018-03-05 15:23:05
1585,8034,419,96,2018-03-13 23:47:04
1586,8167,36,347,2018-03-11 00:06:45
1587,8184,397,,2018-03-01 10:19:21
1588,7367,170,95,2018-03-12 12:39:18
1589,8282,353,344,2018-03-09 23:14:33
1590,7783,579,15,2018-03-07 20:42:57
1591,7764,43,124,2018-03-14 22:31:01
1592,7653,463,320,2018-03-11 14:53:52
1593,7963,508,,2018-03-11 15:47:59
1594,8160,139,,2018-03-11 09:42:59
1595,7662,501,284,2018-03-07 09:19:29
1596,7881,510,259,2018-03-02 04:57:21
1597,7798,176,186,2018-03-14 15:37:56
1598,7571,273,173,2018-03-06 08:13:40
1599,8074,611,,2018-03-06 21:48:19
1600,7984,272,126,2018-03-03 04:56:57
1601,7332,475,,2018-03-08 05:56:54
1602,7420,635,130,2018-03-10 23:11:19
1603,8292,719,391,2018-03-08 01:18:25
1604,7731,717,152,2018-03-13 11:09:50
1605,8220,21,151,2018-03-03 13:23:17
1606,8218,235,,2018-03-01 14:59:07
1607,7605,168,350,2018-03-13 23:17:58
1608,8213,86,27,2018-03-05 06:32:57
1609,7310,269,348,2018-03-09 04:12:28
1610,7788,113,353,2018-03-06 02:23:46
1611,7355,190,287,2018-03-14 20:43:44
1612,7809,739,59,2018-03-14 15:21:49
1613,7368,712,135,2018-03-09 12:48:28
1614,7665,326,,2018-03-06 02:45:35
1615,8091,522,283,2018-03-13 11:49:31
1616,7288,574,,2018-03-09 06:56:54
1617,8148,305,312,2018-03-08 12:17:04
1618,8307,192,7,2018-03-09 13:59:27
1619,7866,341,,2018-03-04 19:03:20
1620,7343,276,,2018-03-04 05:04:52
1621,7926,349,266,2018-03-03 07:56:29
1622,8232,667,6,2018-03-11 21:34:27
1623,7937,739,210,2018-03-13 17:46:03
1624,7918,437,116,2018-03-09 06:21:51
1625,8197,385,115,2018-03-07 09:18:14
1626,7554,478,118,2018-03-11 16:59:51
1627,7381,47,193,2018-03-13 08:45:33
1628,7934,272,106,2018-03-02 09:41:16
1629,8242,167,151,2018-03-07 15:49:41
1630,8175,298,94,2018-03-13 07:56:08
1631,8351,345,161,2018-03-02 09:01:47
1632,7425,316,205,2018-03-12 06:47:43
1633,7365,177,339,2018-03-01 18:16:20
1634,8043,633,,2018-03-04 20:55:44
1635,7973,118,,2018-03-02 23:03:06
1636,8207,2,325,2018-03-10 19:55:55
1637,8035,82,229,2018-03-01 01:02:19
1638,7366,282,344,2018-03-07 18:36:13
1639,7331,78,371,2018-03-09 11:07:06
1640,7623,303,216,2018-03-04 05:58:32
1641,7461,125,,2018-03-04 05:48:32
1642,7475,658,27,2018-03-10 16:56:37
1643,8311,439,405,2018-03-11 13:40:18
1644,8267,594,119,2018-03-13 15:03:34
1645,7565,163,,2018-03-09 23:00:55
1646,8251,351,,2018-03-12 14:50:44
1647,7728,309,63,2018-03-06 00:55:30
1648,7921,577,119,2018-03-14 01:40:54
1649,8261,474,67,2018-03-11 19:17:05
1650,7607,395,97,2018-03-02 17:08:06
1651,7551,59,271,2018-03-11 21:35:30
1652,7640,720,82,2018-03-09 10:19:44
1653,7296,285,,2018-03-05 10:55:44
1654,8317,439,5,2018-03-14 07:39:16
1655,7987,239,145,2018-03-14 02:01:37
1656,7584,308,36,2018-03-12 19:43:18
1657,8356,131,289,2018-03-05 00:40:09
1658,7899,295,137,2018-03-08 13:37:08
1659,7625,497,258,2018-03-12 06:47:19
1660,7901,302,345,2018-03-05 15:22:30
1661,7764,519,30,2018-03-14 22:31:37
1662,7949,416,61,2018-03-06 03:29:28
1663,7603,120,108,2018-03-12 23:12:48
1664,7770,423,208,2018-03-13 13:31:28
1665,7468,426,,2018-03-13 14:10:50
1666,8339,138,,2018-03-09 18:20:22
1667,7619,542,377,2018-03-02 09:54:00
